{
    "module": "Module_3_Model_Training",
    "model": "EfficientNet-B4",
    "training_config": {
        "epochs_trained": 34,
        "batch_size": 32,
        "learning_rate": 0.0001,
        "optimizer": "Adam",
        "loss_function": "CrossEntropyLoss"
    },
    "dataset": {
        "num_classes": 6,
        "class_names": [
            "missing_hole",
            "mouse_bite",
            "open_circuit",
            "short",
            "spur",
            "spurious_copper"
        ],
        "train_samples": 2061,
        "val_samples": 446,
        "test_samples": 446
    },
    "results": {
        "best_val_accuracy": 97.30941704035874,
        "best_val_loss": 0.20303805228588986,
        "test_accuracy": 97.75784753363229,
        "test_precision": 0.9776187574604096,
        "test_recall": 0.9775784753363229,
        "test_f1": 0.9774521271357286
    },
    "training_history": {
        "train_loss": [
            1.6183161583992534,
            0.7874272732929024,
            0.5543612754790312,
            0.38382421383315185,
            0.3060117547862568,
            0.22825741816324727,
            0.1894929229504619,
            0.14732843382245184,
            0.11689599229981748,
            0.12302042360967481,
            0.10064087901399993,
            0.09515686399696059,
            0.08040640374924853,
            0.0625641103336847,
            0.05945344133169717,
            0.06339854276379817,
            0.055531755539831286,
            0.04987188387259548,
            0.05818913806712098,
            0.03986570014709165,
            0.048946851927720185,
            0.04908148784683868,
            0.045776204160409666,
            0.03908557659769697,
            0.04581896302438025,
            0.043995952864495196,
            0.028136426028928845,
            0.03298780115656573,
            0.030991744023215882,
            0.02930413178664852,
            0.03042731010024054,
            0.032407843079671,
            0.0228487641494624,
            0.04228878691049147
        ],
        "train_acc": [
            44.78408539543911,
            71.0334788937409,
            80.30082484230955,
            86.3658418243571,
            89.51965065502183,
            92.67345948568656,
            93.35274138767589,
            94.95390587093644,
            95.82726831635128,
            95.68170790878214,
            96.60359049005338,
            96.74915089762251,
            97.23435225618631,
            97.86511402231926,
            98.20475497331392,
            97.57399320718098,
            98.2532751091703,
            98.35031538088306,
            98.0106744298884,
            98.73847646773412,
            98.64143619602135,
            98.20475497331392,
            98.68995633187772,
            98.49587578845221,
            98.73847646773412,
            98.30179524502668,
            98.93255701115963,
            98.88403687530325,
            98.88403687530325,
            99.07811741872877,
            99.07811741872877,
            98.88403687530325,
            99.32071809801067,
            98.30179524502668
        ],
        "val_loss": [
            1.2688777163424299,
            0.8636117322295236,
            0.5695121691900519,
            1.0796376696616545,
            1.264168538320225,
            0.7580675192745278,
            0.9924123003878401,
            0.6783011891950139,
            0.22802770867392488,
            0.44612759876277946,
            0.5979788124294024,
            0.38257884120593694,
            0.26412997604608784,
            0.6257167665241913,
            0.38793001520095577,
            0.3350182254956628,
            0.6837262148661393,
            1.648976361537728,
            0.3482164225009617,
            0.2529684263590834,
            0.25166433771364566,
            0.35312336813313927,
            0.8384227508662327,
            0.20303805228588986,
            0.5046070442525065,
            0.41676744425120127,
            0.5568744178923763,
            1.3131823194935717,
            0.12060488683209157,
            0.27557950386783525,
            0.41169749487675894,
            0.3044386731294681,
            0.2626307300346639,
            0.27328729991617845
        ],
        "val_acc": [
            66.14349775784753,
            76.68161434977578,
            82.0627802690583,
            85.20179372197309,
            86.99551569506727,
            88.34080717488789,
            90.5829596412556,
            92.60089686098655,
            94.17040358744394,
            94.17040358744394,
            94.39461883408072,
            94.39461883408072,
            95.51569506726457,
            95.51569506726457,
            96.41255605381166,
            96.18834080717488,
            96.41255605381166,
            95.06726457399103,
            95.96412556053812,
            96.18834080717488,
            96.63677130044843,
            96.41255605381166,
            95.96412556053812,
            97.30941704035874,
            96.63677130044843,
            96.41255605381166,
            97.08520179372198,
            95.51569506726457,
            96.8609865470852,
            96.18834080717488,
            95.06726457399103,
            96.18834080717488,
            96.18834080717488,
            97.08520179372198
        ]
    },
    "model_path": "/content/drive/MyDrive/CircuitGuard_Project/models/best_efficientnet_model.pth",
    "training_time_minutes": 26.08379064400991
}